<?xml version="1.0" encoding="UTF-8"?>
<configuration>
    <timestamp key="bySecond" datePattern="yyyyMMdd-HH-mm-ss"/>

    <appender name="ROLLING_FILE" class="ch.qos.logback.core.rolling.RollingFileAppender">
        <append>false</append>
        <immediateFlush>true</immediateFlush>
        <file>/opt/cioi/loghome/CIOIDARK/${app.name}-${app.instance}-${bySecond}.log</file>
        <rollingPolicy class="ch.qos.logback.core.rolling.FixedWindowRollingPolicy">
            <minIndex>0</minIndex>
            <maxIndex>12</maxIndex>
            <fileNamePattern>/opt/cioi/loghome/CIOIDARK/${app.name}-${app.instance}-${bySecond}.log.%i</fileNamePattern>
        </rollingPolicy>
        <triggeringPolicy class="ch.qos.logback.core.rolling.SizeBasedTriggeringPolicy">
            <maxFileSize>1073741824</maxFileSize><!-- 1GB  -->
        </triggeringPolicy>
        <encoder class="ch.qos.logback.classic.encoder.PatternLayoutEncoder">
            <pattern>%d %p %t %c{5} %M - %m%n</pattern>
        </encoder>
    </appender>

    <appender name="ASYNCH" class="ch.qos.logback.classic.AsyncAppender">
        <queueSize>10000</queueSize>
        <appender-ref ref="ROLLING_FILE"/>
    </appender>

    <root level="WARN">
        <appender-ref ref="ASYNCH"/>
    </root>

    <appender name="STDOUT" class="ch.qos.logback.core.ConsoleAppender">
        <!-- encoders are assigned the type
             ch.qos.logback.classic.encoder.PatternLayoutEncoder by default -->
        <encoder>
            <pattern>%d{HH:mm:ss.SSS} [%thread] %-5level %logger{5} - %msg%n</pattern>
        </encoder>
    </appender>

</configuration>