<settings>
  <servers>
     <server>
       <id>nexus-releases</id>
       <username>deploy</username>
       <password>deploy</password>
     </server>
     <server>
       <id>nexus-snapshots</id>
       <username>deploy</username>
       <password>deploy</password>
     </server>
     <server>
       <id>nexus-thirdparty</id>
       <username>deploy</username>
       <password>deploy</password>
     </server>
     <server>
       <id>thirdparty</id>
       <username>deploy</username>
       <password>deploy</password>
     </server>
     <server>
       <id>Sonatype</id>
       <username>deploy</username>
       <password>deploy</password>
     </server>
     <server>
       <id>CodeHouse</id>
       <username>deploy</username>
       <password>deploy</password>
     </server>
     
  </servers>

  <pluginGroups>
    <pluginGroup>org.sonatype.plugins</pluginGroup>
  </pluginGroups>

  <mirrors>
    <mirror>
      <!--This sends everything else to /public -->
      <id>nexus</id>
      <mirrorOf>*</mirrorOf>
      <url>http://eqbecsci:8081/nexus/content/groups/public/</url>
    </mirror>
  </mirrors>
  <profiles>
    <profile>
      <id>nexus</id>
      <!--Enable snapshots for the built in central repo to direct -->
      <!--all requests to nexus via the mirror -->
      <repositories>
        <repository>
          <id>central</id>
          <url>http://central</url>
          <releases><enabled>true</enabled></releases>
          <snapshots>
            <enabled>true</enabled>
            <updatePolicy>always</updatePolicy>
          </snapshots>
        </repository>
      </repositories>
     <pluginRepositories>
        <pluginRepository>
          <id>central</id>
          <url>http://central</url>
          <releases><enabled>true</enabled></releases>
          <snapshots><enabled>true</enabled></snapshots>
        </pluginRepository>
      </pluginRepositories>
    </profile>
		<profile>
		 <id>sonar</id>
		  <activation>
		   <activeByDefault>true</activeByDefault>
		  </activation>
		  <properties>
		  		<sonar.jdbc.url>
		         jdbc:mysql://NY4DCSLAB01.DEV.STI:3306/sonar?useUnicode=true&amp;characterEncoding=utf8
		      </sonar.jdbc.url>
		      <sonar.jdbc.username>sonar</sonar.jdbc.username>
		      <sonar.jdbc.password>sonar</sonar.jdbc.password>
		      <sonar.host.url>http://NY4DCSLAB01.DEV.STI:9000</sonar.host.url>
		 </properties>
		</profile>
  </profiles>
  <activeProfiles>
    <!--make the profile active all the time -->
    <activeProfile>nexus</activeProfile>
  </activeProfiles>
</settings>
