<?xml version="1.0" encoding="UTF-8"?>
<beans xmlns='http://www.springframework.org/schema/beans'
       xmlns:xsi='http://www.w3.org/2001/XMLSchema-instance' xmlns:property='http://www.springframework.org/schema/p'
       xsi:schemaLocation='http://www.springframework.org/schema/beans http://www.springframework.org/schema/beans/spring-beans.xsd'>
	<import resource="classpath:config/spring-cioidark.xml" />

    <bean id="SubscribeMarketDataService"
          class="com.citi.icg.cd.test.bdd.services.MockSubscribeMarketDataService">
        <constructor-arg>
            <map>
                <entry key='ConnectToMarketDataSourceService' value="true"/>
            </map>
        </constructor-arg>
        <constructor-arg value="false"/>
    </bean>

    <bean id="gmdMessageCallback" class="com.citi.icg.cd.test.bdd.services.MockGMDMessageCallback" />

    <bean id="InBoundEventSession" class="com.citi.icg.cd.test.bdd.threadpool.event.MockEventSession">
        <property name="inboundTP">
            <ref bean="inboundThreadPool"/>
        </property>
        <property name="outboundTP">
            <ref bean="outboundThreadPool"/>
        </property>
    </bean>
	
	<bean id="ScheduleSystemTimerService" class="com.citi.icg.cd.test.bdd.services.MockScheduleSystemTimerService"/>

	<bean id="staleMarketDataMonitor" class="com.citi.icg.cd.test.bdd.services.MockCBMarketDataStaleMonitor"/>

    <bean id="ServiceListMap" class="com.citi.icg.gc.ServiceListMap" >
        <constructor-arg>
            <map>
                <entry key='1'>  <!-- INIT EVENT -->
                    <list>
                        <ref bean="fixInOrderPublisher"/>
                        <ref bean="gmdTickMessagePublisher"/>

                        <ref bean="fixOrderListener"/>
                        <ref bean="adminMessageListener"/>
                        <ref bean="gmdTickMessageListener"/>

                    </list>
                </entry>
                <entry key='2'>    <!-- SHUTDOWN EVENT -->
                    <list>
                    </list>
                </entry>
            </map>
        </constructor-arg>
    </bean>

    <!--Services needed to support BDD publish and test output-->
    <bean id="fixInOrderPublisher"
          class="com.citi.icg.cd.messaging.chronicle.initializer.ChronicleInboundListenersInitializer"
          property:cfgFileName="./${preferences.env}/services.yaml"
          property:serviceName="fixInPublisher"
          property:hostId="1"
          property:instanceName="default">
        <constructor-arg value="true"/>
    </bean>

</beans>
