<fix major="4" minor="4">
    <header>
        <field name="BeginString" required="Y"/>
        <field name="BodyLength" required="Y"/>
        <field name="MsgType" required="Y"/>
        <field name="SenderCompID" required="Y"/>
        <field name="TargetCompID" required="Y"/>
        <field name="MsgSeqNum" required="Y"/>
        <field name="SenderSubID" required="Y"/>
        <field name="TargetSubID" required="N"/>
        <field name="OnBehalfOfCompID" required="N"/>
        <field name="OnBehalfOfSubID" required="N"/>
        <field name="DeliverToCompID" required="N"/>
        <field name="DeliverToSubID" required="N"/>
        <field name="PossDupFlag" required="N"/>
        <field name="PossResend" required="N"/>
        <field name="SendingTime" required="Y"/>
        <field name="OrigSendingTime" required="N"/>
    </header>
    <trailer>
        <field name="CheckSum" required="Y"/>
    </trailer>
    <messages>
        <message msgcat="admin" msgtype="0" name="Heartbeat">
            <field name="TestReqID" required="N"/>
        </message>
        <message msgcat="admin" msgtype="A" name="Logon">
            <field name="EncryptMethod" required="Y"/>
            <field name="HeartBtInt" required="Y"/>
            <field name="RawDataLength" required="N"/>
            <field name="RawData" required="N"/>
            <field name="ResetSeqNumFlag" required="N"/>
            <field name="Username" required="N"/>
            <field name="Password" required="N"/>
        </message>
        <message msgcat="admin" msgtype="1" name="TestRequest">
            <field name="TestReqID" required="Y"/>
        </message>
        <message msgcat="admin" msgtype="2" name="ResendRequest">
            <field name="BeginSeqNo" required="Y"/>
            <field name="EndSeqNo" required="Y"/>
        </message>
        <message msgcat="admin" msgtype="3" name="Reject">
            <field name="RefSeqNum" required="Y"/>
            <field name="RefTagID" required="N"/>
            <field name="RefMsgType" required="N"/>
            <field name="SessionRejectReason" required="N"/>
            <field name="Text" required="N"/>
            <field name="EncodedTextLen" required="N"/>
            <field name="EncodedText" required="N"/>
        </message>
        <message msgcat="admin" msgtype="4" name="SequenceReset">
            <field name="GapFillFlag" required="N"/>
            <field name="NewSeqNo" required="Y"/>
        </message>
        <message msgcat="admin" msgtype="5" name="Logout">
            <field name="Text" required="N"/>
            <field name="EncodedTextLen" required="N"/>
            <field name="EncodedText" required="N"/>
        </message>
        <message msgcat="app" msgtype="D" name="NewOrderSingle">
            <field name="ClOrdID" required="Y"/>
            <field name="Side" required="Y"/>
            <field name="OrderQty" required="Y"/>
            <field name="OrdType" required="Y"/>
            <field name="Symbol" required="Y"/>
            <field name="SymbolSfx" required="N"/>
            <field name="IDSource" required="N"/>
            <field name="HandlInst" required="N"/>
            <field name="TransactTime" required="Y"/>
            <field name="Account" required="Y"/>
            <field name="Price" required="N"/>
            <field name="TimeInForce" required="Y"/>
            <field name="CreatedNS" required="N"/>
            <field name="LastTraded" required="N"/>
            <field name="BidPx" required="N"/>
            <field name="OfferPx" required="N"/>
            <field name="BidSize" required="N"/>
            <field name="OfferSize" required="N"/>
            <field name="OrderCapacity" required="Y" />
            <field name="Rule80A" required="N"/>
            <field name="Currency" required="N"/>
            <field name="SettlCurrency" required="N"/>
            <field name="SettlmntTyp" required="N"/>
            <field name="CustomerOrFirm" required="N"/>
            <field name="ClientID" required="N"/>
            <field name="ExDestination" required="N"/>
            <field name="LocateReqd" required="N"/>
            <field name="OrdLinkID" required="N"/>
            <field name="OrdLinkType" required="N" />
            <field name="BookingType" required="N"/>
            <field name="OrderID" required="N" />
            <field name="TradingAcct" required="N" />
            <field name="IOIID" required="N"/>
            <field name="QuoteID" required="N"/>
            <field name="QuoteTime" required="N"/>
            <field name="TargetStrategy" required="N"/>
            <field name="TargetStrategyParameters" required="N"/>
            <field name="PreviousLinkSrcSystemID" required="N"/>
            <field name="ContraOrderCapacity" required="N"/>
            <field name="OrderFlowEntry" required="N"/>
            <field name="OrderFlowClass" required="N"/>
            <field name="TraderID" required="N"/>
            <field name="AvgPriceAcct" required="N"/>
            <field name="LegalEntity" required="N"/>
            <field name="SecurityID" required="N"/>
            <field name="SecurityAltID" required="N"/>
            <field name="SecurityAltIDSource" required="N"/>
            <field name="CrossInstruction" required="N"/>
            <field name="NoStrategyParameters" required="N"/>
            <field name="StrategyParameterValue" required="N"/>
            <field name="ReceiveTime" required="N"/>
            <field name="OrdStatus" required="N"/>
            <field name="SumOfStopExecQty" required="N"/>
            <field name="CxlQty" required="N"/>
            <field name="CrossRestrictionClientID" required="N"/>
            <field name="LeavesQty" required="N"/>
            <field name="SrcTargetCompId" required="N"/>
            <field name="ShortSaleExemptReason" required="N"/>
            <field name="TimeToLive" required="N"/>
            <field name="AvgPriceAcctIDSource" required="N"/>
            <field name="TickSizePilotGroup" required="N"/>
            <field name="SourceFeed" required="N"/>
            <field name="CustomerSlang" required="N"/>
            <field name="RootSrcSystemID" required="N"/>
            <field name="OptOutLockedIn" required="N"/>
            <field name="SrcSystemID" required="N"/>
            <field name="OrderFlowCategory" required="N"/>
            <field name="ExecutedBy" required="N"/>
            <field name="TempLastMkt" required="N"/>
            <field name="NoTempContraBrokers" required="N"/>
            <field name="TempContraBroker" required="N"/>
            <field name="TempContraBrokerSrc" required="N"/>
            <field name="LeafSrcSystemID" required="N"/>
            <field name="IsCurrExecLevel" required="N"/>
            <field name="ContraAccount" required="N"/>
            <field name="ContraAccountSrc" required="N"/>
            <field name="ContraAccountType" required="N"/>
            <field name="NoClearingInstructions" required="N"/>
            <field name="ClearingInstruction" required="N"/>
            <field name="CorellationClOrdID" required="N"/>
            <field name="PreviousLinkOrderID" required="N"/>
            <field name="RootOrderID" required="N"/>
            <field name="CrossStrategy" required="N"/>
            <field name="ReportToExch" required="N"/>
            <field name="CustomPrice1" required="N"/>
            <field name="MinQty" required="N"/>
            <field name="ExecInst" required="N"/>
            <field name="LocateBroker" required="N"/>
            <field name="LocateIdentifier" required="N"/>
        </message>
        <message msgcat="app" msgtype="F" name="OrderCancelRequest">
            <field name="OrderID" required="N"/>
            <field name="ClOrdID" required="Y"/>
            <field name="Account" required="Y"/>
            <field name="Side" required="Y"/>
            <field name="OrigClOrdID" required="Y"/>
            <field name="Symbol" required="Y"/>
            <field name="SymbolSfx" required="N"/>
            <field name="IDSource" required="N"/>
            <field name="TransactTime" required="Y"/>
            <field name="OrderQty" required="N"/>
            <field name="Price" required="N"/>
            <field name="BidPx" required="N"/>
            <field name="OfferPx" required="N"/>
            <field name="QuoteTime" required="N"/>
            <field name="TimeInForce" required="N"/>
            <field name="CreatedNS" required="N"/>
            <field name="ClientID" required="N"/>
            <field name="OrdLinkID" required="N"/>
            <field name="OrdLinkType" required="N" />
            <field name="BookingType" required="N"/>
            <field name="CrossID" required="N"/>
            <field name="StrategyParameterValue" required="N"/>
            <field name="CrossStrategy" required="N"/>
            <field name="CustomPrice1" required="N"/>
            <field name="CorellationClOrdID" required="N"/>
            <field name="PreviousLinkOrderID" required="N"/>
            <field name="RootOrderID" required="N"/>
            <field name="CustomerSlang" required="N"/>
            <field name="ReceiveTime" required="N"/>
            <field name="CrossRestrictionClientID" required="N"/>
            <field name="ExecInst" required="N"/>
            <field name="CrossInstruction" required="N"/>
            <field name="AvgPriceAcctIDSource" required="N"/>
            <field name="TickSizePilotGroup" required="N"/>
            <field name="ClearingInstruction" required="N"/>
            <field name="TimeToLive" required="N"/>
            <field name="SrcTargetCompId" required="N"/>
            <field name="IOIID" required="N"/>
        </message>
        <message msgcat="app" msgtype="G" name="OrderCancelReplaceRequest">
            <field name="OrderID" required="N"/>
            <field name="ClOrdID" required="Y"/>
            <field name="Side" required="Y"/>
            <field name="OrderQty" required="N"/>
            <field name="MinQty" required="N"/>
            <field name="OrdType" required="Y"/>
            <field name="OrigClOrdID" required="Y"/>
            <field name="Symbol" required="Y"/>
            <field name="SymbolSfx" required="N"/>
            <field name="IDSource" required="N"/>
            <field name="HandlInst" required="N"/>
            <field name="TransactTime" required="Y"/>
            <field name="Account" required="N"/>
            <field name="Price" required="N"/>
            <field name="BidPx" required="N"/>
            <field name="OfferPx" required="N"/>
            <field name="QuoteTime" required="N"/>
            <field name="TimeInForce" required="N"/>
            <field name="CreatedNS" required="N"/>
            <field name="LastTraded" required="N"/>
            <field name="LastTradedDelta" required="N"/>
            <field name="BidPrice" required="N"/>
            <field name="AskPrice" required="N"/>
            <field name="OrderCapacity" required="N"/>
            <field name="ClientID" required="N"/>
            <field name="ExDestination" required="N"/>
            <field name="Currency" required="N"/>
            <field name="Rule80A" required="N"/>
            <field name="SettlCurrency" required="N"/>
            <field name="CustomerOrFirm" required="N"/>
            <field name="LocateReqd" required="N"/>
            <field name="OrdLinkID" required="N"/>
            <field name="OrdLinkType" required="N" />
            <field name="BookingType" required="N"/>
            <field name="TradingAcct" required="N" />
            <field name="CustomPrice1" required="N" />
            <field name="Tier" required="N" />
            <field name="NoStrategyParameters" required="N"/>
            <field name="StrategyParameterValue" required="N"/>
            <field name="CrossStrategy" required="N"/>
            <field name="CorellationClOrdID" required="N"/>
            <field name="PreviousLinkOrderID" required="N"/>
            <field name="RootOrderID" required="N"/>
            <field name="CustomerSlang" required="N"/>
            <field name="ReceiveTime" required="N"/>
            <field name="CrossRestrictionClientID" required="N"/>
            <field name="ExecInst" required="N"/>
            <field name="CrossInstruction" required="N"/>
            <field name="AvgPriceAcctIDSource" required="N"/>
            <field name="TickSizePilotGroup" required="N"/>
            <field name="ClearingInstruction" required="N"/>
            <field name="ClearingInstruction" required="N"/>
            <field name="TimeToLive" required="N"/>
            <field name="SrcTargetCompId" required="N"/>
            <field name="IOIID" required="N"/>
            <field name="SecurityID" required="N"/>
            <field name="SecurityAltID" required="N"/>
            <field name="SecurityAltIDSource" required="N"/>
        </message>
        <message msgcat="app" msgtype="8" name="ExecutionReport">
            <field name="OrderID" required="Y"/>
            <field name="ClOrdID" required="Y"/>
            <field name="ExecID" required="Y"/>
            <field name="OrigClOrdID" required="N"/>
            <field name="ExecType" required="Y"/>
            <field name="OrdStatus" required="Y"/>
            <field name="Account" required="N"/>
            <field name="SettlmntTyp" required="N"/>
            <field name="Side" required="Y"/>
            <field name="Symbol" required="Y"/>
            <field name="SymbolSfx" required="N"/>
            <field name="IDSource" required="N"/>
            <field name="OrderQty" required="N"/>
            <field name="OrdType" required="N"/>
            <field name="Price" required="N"/>
            <field name="LastTraded" required="N"/>
            <field name="LastTradedDelta" required="N"/>
            <field name="OpenQty" required="N"/>
            <field name="TimeInForce" required="N"/>
            <field name="LastShares" required="N"/>
            <field name="LastPx" required="N"/>
            <field name="LastMkt" required="N"/>
            <field name="LastCapacity" required="N"/>
            <field name="OrderCapacity" required="N" />
            <field name="LeavesQty" required="Y"/>
            <field name="CumQty" required="Y"/>
            <field name="AvgPx" required="Y"/>
            <field name="TradeDate" required="N"/>
            <field name="TransactTime" required="N"/>
            <field name="CreatedNS" required="N"/>
            <field name="Text" required="N"/>
            <field name="DeltaQty" required="N"/>
            <field name="DeltaPx" required="N"/>
            <field name="ExecTransType" required="N"/>
            <field name="CxlQty" required="N"/>
            <field name="ExecRefID" required="N"/>
            <field name="OrdRejReason" required="N"/>
            <field name="ExecRestatementReason" required="N"/>
            <field name="Rule80A" required="N"/>
            <field name="SettlCurrAmt" required="N"/>
            <field name="Currency" required="N"/>
            <field name="SettlCurrency" required="N"/>
            <field name="SettlCurrFxRate" required="N"/>
            <field name="SettlCurrFxRateCalc" required="N"/>
            <field name="OrdLinkID" required="N"/>
            <field name="OrdLinkType" required="N" />
            <field name="BookingType" required="N"/>
            <field name="SrcTargetCompId" required="N"/>
            <field name="OrderVersion" required="N"/>
            <field name="QuoteTime" required="N"/>
            <field name="BidPx" required="N"/>
            <field name="OfferPx" required="N"/>
            <field name="BidSize" required="N"/>
            <field name="OfferSize" required="N"/>
            <field name="LocateReqd" required="N"/>
            <field name="LocateBroker" required="N"/>
            <field name="LocateIdentifier" required="N"/>
            <field name="PreviousLinkSrcSystemID" required="N"/>
            <field name="ContraOrderCapacity" required="N"/>
            <field name="OrderFlowEntry" required="N"/>
            <field name="OrderFlowClass" required="N"/>
            <field name="TraderID" required="N"/>
            <field name="AvgPriceAcct" required="N"/>
            <field name="LegalEntity" required="N"/>
            <field name="SecurityID" required="N"/>
            <field name="SecurityAltID" required="N"/>
            <field name="SecurityAltIDSource" required="N"/>
            <field name="CrossInstruction" required="N"/>
            <field name="CxlQty" required="N"/>
            <field name="SumOfStopExecQty" required="N"/>
            <field name="ReceiveTime" required="N"/>
            <field name="CrossRestrictionClientID" required="N"/>
            <field name="CxlReason" required="N"/>
            <field name="LULDLowerPriceBand" required="N"/>
            <field name="LULDUpperPriceBand" required="N"/>
            <field name="LULDPriceBandTimestamp" required="N"/>
            <field name="ConditionalOrderQty" required="N"/>
            <field name="IOIID" required="N"/>
            <field name="ZExecID" required="N"/>
            <field name="ActReport" required="N"/>
            <field name="NoClearingInstructions" required="N"/>
            <field name="ClearingInstruction" required="N"/>
            <field name="FirmId" required="N"/>
            <field name="AvgPriceAcctIDSource" required="N"/>
            <field name="TickSizePilotGroup" required="N"/>
            <field name="SourceFeed" required="N"/>
            <field name="CustomerSlang" required="N"/>
            <field name="RootSrcSystemID" required="N"/>
            <field name="SrcSystemID" required="N"/>
            <field name="OrderFlowCategory" required="N"/>
            <field name="ExecutedBy" required="N"/>
            <field name="TempLastMkt" required="N"/>
            <field name="NoTempContraBrokers" required="N"/>
            <field name="TempContraBroker" required="N"/>
            <field name="TempContraBrokerSrc" required="N"/>
            <field name="LeafSrcSystemID" required="N"/>
            <field name="IsCurrExecLevel" required="N"/>
            <field name="ContraAccount" required="N"/>
            <field name="ContraAccountSrc" required="N"/>
            <field name="ContraAccountType" required="N"/>
            <field name="CorellationClOrdID" required="N"/>
            <field name="PreviousLinkOrderID" required="N"/>
            <field name="RootOrderID" required="N"/>
            <field name="CustomPrice1" required="N"/>
            <field name="StrategyParameterValue" required="N"/>
            <field name="CrossStrategy" required="N"/>
            <field name="CrossID" required="N"/>
            <field name="ExecInst" required="N"/>
            <field name="MinQty" required="N"/>
            <field name="ZExecID" required="N"/>
            <field name="ReportToExch" required="N"/>
            <field name="LastParPx" required="N"/>
<!--            <group name="NoContraBrokers" required="N">
                <field name="ContraBroker" required="N"/>
                <field name="ContraTrader" required="N"/>
                <field name="ContraTradeQty" required="N"/>
                <field name="ContraTradeTime" required="N"/>
                <field name="ContraLegRefID" required="N"/>
            </group>-->
            <field name="CorellationClOrdID" required="N"/>
            <field name="PreviousLinkOrderID" required="N"/>
        </message>
        <message msgcat="app" msgtype="9" name="OrderCancelReject">
            <field name="OrderID" required="Y"/>
            <field name="ClOrdID" required="Y"/>
            <field name="OrigClOrdID" required="Y"/>
            <field name="OrdStatus" required="Y"/>
            <field name="Text" required="N"/>
            <field name="TransactTime" required="N"/>
            <field name="CxlRejResponseTo" required="Y"/>
            <field name="CxlRejReason" required="N"/>
            <field name="CreatedNS" required="N"/>
            <field name="Price" required="N"/>
            <field name="LastTraded" required="N"/>
            <field name="LastTradedDelta" required="N"/>
            <field name="OpenQty" required="N"/>
            <field name="DeltaQty" required="N"/>
            <field name="DeltaPx" required="N"/>
            <field name="Account" required="N"/>
            <field name="Symbol" required="N"/>
            <field name="SymbolSfx" required="N"/>
            <field name="Currency" required="N"/>
            <field name="Side" required="N"/>
            <field name="OrdLinkID" required="N"/>
            <field name="OrdLinkType" required="N" />
            <field name="BookingType" required="N"/>
            <field name="SrcTargetCompId" required="N"/>
            <field name="ReportToExch" required="N"/>
            <field name="IOIID" required="N"/>
            <field name="CrossID" required="N"/>
            <field name="OrigCrossID" required="N"/>
            <field name="PriceType" required="N"/>
            <field name="Price" required="N"/>
            <field name="BidPx" required="N"/>
            <field name="OfferPx" required="N"/>
            <field name="ExecType" required="N"/>
            <field name="OrderQty" required="N"/>
            <field name="OrderVersion" required="N"/>
            <field name="SourceFeed" required="N"/>
            <field name="CorellationClOrdID" required="N"/>
            <field name="LastCapacity" required="N"/>
            <field name="SrcSystemID" required="N"/>
            <field name="OrderFlowCategory" required="N"/>
            <field name="ExecutedBy" required="N"/>
        </message>
        <message msgcat="app" msgtype="Q" name="DontKnowTrade">
            <field name="OrderID" required="Y"/>
            <field name="ExecID" required="Y"/>
            <field name="DKReason" required="Y"/>
            <field name="Symbol" required="Y"/>
            <field name="SymbolSfx" required="N"/>
            <field name="SecurityID" required="N"/>
            <field name="IDSource" required="N"/>
            <field name="SecurityType" required="N"/>
            <field name="MaturityMonthYear" required="N"/>
            <field name="MaturityDay" required="N"/>
            <field name="PutOrCall" required="N"/>
            <field name="StrikePrice" required="N"/>
            <field name="OptAttribute" required="N"/>
            <field name="ContractMultiplier" required="N"/>
            <field name="CouponRate" required="N"/>
            <field name="SecurityExchange" required="N"/>
            <field name="Issuer" required="N"/>
            <field name="EncodedIssuerLen" required="N"/>
            <field name="EncodedIssuer" required="N"/>
            <field name="SecurityDesc" required="N"/>
            <field name="EncodedSecurityDescLen" required="N"/>
            <field ignored="Y" name="EncodedSecurityDesc"/>
            <field name="Side" required="Y"/>
            <field name="OrderQty" required="N"/>
            <field name="CashOrderQty" required="N"/>
            <field name="LastShares" required="N"/>
            <field name="LastPx" required="N"/>
            <field name="Text" required="N"/>
            <field name="EncodedTextLen" required="N"/>
            <field name="EncodedText" required="N"/>
        </message>
        <message msgcat="app" msgtype="RIO" name="RIOMessage">
            <field name="Account" required="Y"/>
            <field name="AccountIDSource" required="Y"/>
            <field name="AccountType" required="Y"/>
            <field name="AvgPx" required="N"/>
            <field name="ClOrdID" required="Y"/>
            <field name="CumQty" required="N"/>
            <field name="Currency" required="Y"/>
            <field name="ExecID" required="N"/>
            <field name="ExecInst" required="N"/>
            <field name="ExecRefID" required="N"/>
            <field name="HandlInst" required="N"/>
            <field name="IDSource" required="Y"/>
            <field name="SecurityID" required="Y"/>
            <field name="SecurityAltID" required="N"/>
            <field name="SecurityAltIDSource" required="N"/>
            <field name="LastCapacity" required="N"/>
            <field name="LastMkt" required="N"/>
            <field name="LastPx" required="N"/>
            <field name="LastShares" required="N"/>
            <field name="OrderID" required="Y"/>
            <field name="SrcSystemID" required="Y"/>
            <field name="OrderUniqID" required="N"/>
            <field name="XParentOrderID" required="N"/>
            <field name="ParentOrderUniqID" required="N"/>
            <field name="PreviousLinkOrderID" required="N"/>
            <field name="PreviousLinkSrcSystemID" required="N"/>
            <field name="PreviousLinkOrderUniqID" required="N"/>
            <field name="RootOrderID" required="Y"/>
            <field name="RootSrcSystemID" required="Y"/>
            <field name="RootOrderUniqID" required="N"/>
            <field name="OrderQty" required="Y"/>
            <field name="OrdStatus" required="Y"/>
            <field name="OrdType" required="Y"/>
            <field name="OrigClOrdID" required="N"/>
            <field name="Price" required="N"/>
            <field name="Side" required="Y"/>
            <field name="Symbol" required="Y"/>
            <field name="Text" required="N"/>
            <field name="TimeInForce" required="N"/>
            <field name="TransactTime" required="Y"/>
            <field name="SettlmntTyp" required="N"/>
            <field name="SymbolSfx" required="N"/>
            <field name="TradeDate" required="Y"/>
            <field name="CxlQty" required="N"/>
            <field name="ExDestination" required="Y"/>
            <field name="ExDestinationIDSource" required="Y"/>
            <field name="CxlRejReason" required="N"/>
            <field name="OrdRejReason" required="N"/>
            <field name="LocateReqd" required="N"/>
            <field name="SettlCurrency" required="N"/>
            <field name="ExecType" required="Y"/>
            <field name="LeavesQty" required="N"/>
            <field name="SettlCurrAmt" required="N"/>
            <field name="SettlCurrFxRate" required="N"/>
            <field name="SettlCurrFxRateCalc" required="N"/>
            <field name="SecurityType" required="N"/>
            <field name="SecurityExchange" required="N"/>
            <field name="RefMsgType" required="Y"/>
            <field name="Country" required="N"/>
            <field name="OrderCapacity" required="N" />
            <field name="OrderRestrictions" required="N"/>
            <field name="CustomerOrFirm" required="N"/>
            <field name="ClientID" required="N"/>
            <field name="RioTimestamp" required="Y"/>
            <field name="IsRioStateEvent" required="Y"/>
            <field name="OrderFlowCategory" required="Y"/>
            <field name="RioMsgSource" required="Y"/>
            <field name="LeafExecFlag" required="N"/>
            <field name="RioTransactTime" required="Y"/>
            <field name="OrderVersion" required="Y"/>
            <field name="OrderPlacer" required="N"/>
            <field name="LafExecID" required="N"/>
            <field name="LeafSrcSystemID" required="N"/>
            <field name="RioBeginString" required="Y"/>
            <field name="RioMinorVersion" required="Y"/>
            <field name="RioMsgSeq" required="Y"/>
            <field name="ReplayInd" required="N"/>
            <field name="RioMsgSeqSrc" required="Y"/>
            <field name="ChannelName" required="N"/>
            <field name="OrdLinkID" required="N"/>
            <field name="OrdLinkType" required="N" />
            <field name="BookingType" required="N"/>
            <field name="TradingAcct" required="N"/>
            <field name="ContraBroker" required="Y"/>
            <field name="TrdType" required="Y"/>
            <field name="ZExecID" required="Y"/>
            <field name="SalesPersonID" required="Y"/>
            <field name="TraderID" required="Y"/>
            <field name="ReceiveTime" required="Y"/>
            <field name="LeafExecutionFlag" required="Y"/>
            <field name="XLastActivityUserID" required="Y"/>
            <field name="TempLastMkt" required="Y"/>
            <field name="IOIID" required="N"/>
        </message>
        <message msgcat="app" msgtype="W" name="MarketDataSnapshotFullRefresh">
            <field name="MDReqID" required="N"/>
            <field name="Symbol" required="Y"/>
            <field name="SymbolSfx" required="N"/>
            <field name="SecurityID" required="N"/>
            <field name="IDSource" required="N"/>
            <field name="SecurityType" required="N"/>
            <field name="MaturityMonthYear" required="N"/>
            <field name="MaturityDay" required="N"/>
            <field name="PutOrCall" required="N"/>
            <field name="StrikePrice" required="N"/>
            <field name="OptAttribute" required="N"/>
            <field name="ContractMultiplier" required="N"/>
            <field name="CouponRate" required="N"/>
            <field name="SecurityExchange" required="N"/>
            <field name="Issuer" required="N"/>
            <field name="EncodedIssuerLen" required="N"/>
            <field name="EncodedIssuer" required="N"/>
            <field name="SecurityDesc" required="N"/>
            <field name="EncodedSecurityDescLen" required="N"/>
            <field ignored="Y" name="EncodedSecurityDesc"/>
            <field name="FinancialStatus" required="N"/>
            <field name="CorporateAction" required="N"/>
            <field name="TotalVolumeTraded" required="N"/>
            <group name="NoMDEntries" required="Y">
                <field name="MDEntryType" required="Y"/>
                <field name="MDEntryPx" required="Y"/>
                <field name="Currency" required="N"/>
                <field name="MDEntrySize" required="N"/>
                <field name="MDEntryDate" required="N"/>
                <field name="MDEntryTime" required="N"/>
                <field ignored="Y" name="TickDirection"/>
                <field name="MDMkt" required="N"/>
                <field name="TradingSessionID" required="N"/>
                <field name="QuoteCondition" required="N"/>
                <field name="TradeCondition" required="N"/>
                <field name="MDEntryOriginator" required="N"/>
                <field name="LocationID" required="N"/>
                <field name="DeskID" required="N"/>
                <field name="OpenCloseSettleFlag" required="N"/>
                <field name="TimeInForce" required="N"/>
                <field name="ExpireDate" required="N"/>
                <field name="ExpireTime" required="N"/>
                <field name="MinQty" required="N"/>
                <field name="ExecInst" required="N"/>
                <field name="SellerDays" required="N"/>
                <field name="OrderID" required="N"/>
                <field name="QuoteEntryID" required="N"/>
                <field name="MDEntryBuyer" required="N"/>
                <field name="MDEntrySeller" required="N"/>
                <field name="NumberOfOrders" required="N"/>
                <field name="MDEntryPositionNo" required="N"/>
                <field name="Text" required="N"/>
                <field name="EncodedTextLen" required="N"/>
                <field name="EncodedText" required="N"/>
            </group>
        </message>
        <message name="BusinessMessageReject" msgtype="j" msgcat="app">
            <field name="RefSeqNum" required="N"/>
            <field name="RefMsgType" required="Y"/>
            <field name="BusinessRejectRefID" required="N"/>
            <field name="BusinessRejectReason" required="Y"/>
            <field name="Text" required="N"/>
            <field name="EncodedTextLen" required="N"/>
            <field name="EncodedText" required="N"/>
        </message>
        <message name="CioiDarkOrder" msgtype="x" msgcat="app">
            <field name="ClOrdID" required="Y"/>
            <field name="Account" required="N"/>
            <field name="HandlInst" required="N"/>
            <field name="ExecInst" required="N"/>
            <field name="MinQty" required="N"/>
            <field name="Symbol" required="Y"/>
            <field name="SymbolSfx" required="Y"/>
            <field name="Side" required="Y"/>
            <field name="LocateReqd" required="N"/>
            <field name="TransactTime" required="Y"/>
            <field name="OrderQty" required="Y"/>
            <field name="OrdType" required="Y"/>
            <field name="Price" required="N"/>
            <field name="StopPx" required="N"/>
            <field name="IOIID" required="N"/>
            <field name="TimeInForce" required="N"/>
            <field name="OrderCapacity" required="N"/>
            <field name="TargetStrategy" required="N"/>
            <field name="TargetStrategyParameters" required="N"/>
            <field name="OrderVersion" required="N"/>
            <field name="TimeToLive" required="N"/>
            <field name="CustomPrice1" required="N"/>
            <field name="LocateBroker" required="N"/>
            <field name="LocateIdentifier" required="N"/>
            <field name="RootSrcSystemID" required="N"/>
            <field name="PreviousLinkSrcSystemID" required="N"/>
            <field name="OrderID" required="N"/>
            <field name="OrdStatus" required="N"/>
            <field name="CrossRestrictionClientID" required="N"/>
            <field name="LeavesQty" required="N"/>
            <field name="CxlQty" required="N"/>
            <field name="OptOutLockedIn" required="N"/>
            <field name="SumOfStopExecQty" required="N"/>
            <field name="CrossInstruction" required="N"/>
            <field name="CustomerSlang" required="N"/>
            <field name="NoStrategyParameters" required="N"/>
            <field name="ReceiveTime" required="N"/>
            <field name="StrategyParameterValue" required="N"/>
            <field name="ShortSaleExemptReason" required="N"/>
            <field name="CrossStrategy" required="N"/>
            <field name="SecurityID" required="N"/>
            <field name="IDSource" required="N"/>
            <field name="SecurityAltID" required="N"/>
            <field name="SecurityAltIDSource" required="N"/>
            <field name="SrcTargetCompId" required="N"/>
            <field name="ReportToExch" required="N"/>
        </message>
    </messages>
    <fields>
        <field name="Account" number="1" type="STRING"/>
        <field name="AvgPx" number="6" type="PRICE"/>
        <field name="BeginSeqNo" number="7" type="INT"/>
        <field name="BeginString" number="8" type="STRING"/>
        <field name="BodyLength" number="9" type="INT"/>
        <field name="CheckSum" number="10" type="INT"/>
        <field name="ClOrdID" number="11" type="STRING"/>
        <field name="CumQty" number="14" type="QTY"/>
        <field name="Currency" number="15" type="CURRENCY"/>
        <field name="EndSeqNo" number="16" type="INT"/>
        <field name="ExecID" number="17" type="STRING"/>
        <field name="ExecInst" number="18" type="MULTIPLEVALUESTRING">
            <value description="NOT_HELD" enum="1"/>
            <value description="WORK" enum="2"/>
            <value description="GO_ALONG" enum="3"/>
            <value description="OVER_THE_DAY" enum="4"/>
            <value description="HELD" enum="5"/>
            <value description="PARTICIPATE_DONT_INITIATE" enum="6"/>
            <value description="STRICT_SCALE" enum="7"/>
            <value description="TRY_TO_SCALE" enum="8"/>
            <value description="STAY_ON_BIDSIDE" enum="9"/>
            <value description="STAY_ON_OFFERSIDE" enum="0"/>
            <value description="NO_CROSS" enum="A"/>
            <value description="OK_TO_CROSS" enum="B"/>
            <value description="CALL_FIRST" enum="C"/>
            <value description="PERCENT_OF_VOLUME" enum="D"/>
            <value description="DO_NOT_INCREASE_DNI" enum="E"/>
            <value description="DO_NOT_REDUCE_DNR" enum="F"/>
            <value description="ALL_OR_NONE_AON" enum="G"/>
            <value description="INSTITUTIONS_ONLY" enum="I"/>
            <value description="LAST_PEG" enum="L"/>
            <value description="MIDPRICE_PEG" enum="M"/>
            <value description="NONNEGOTIABLE" enum="N"/>
            <value description="OPENING_PEG" enum="O"/>
            <value description="MARKET_PEG" enum="P"/>
            <value description="PRIMARY_PEG" enum="R"/>
            <value description="SUSPEND" enum="S"/>
            <value description="FIXED_PEG" enum="T"/>
            <value description="CUSTOMER_DISPLAY_INSTRUCTION" enum="U"/>
            <value description="NETTING" enum="V"/>
            <value description="PEG_TO_VWAP" enum="W"/>
        </field>
        <field number="19" name="ExecRefID" type="STRING"/>
        <field name="ExecTransType" number="20" type="CHAR">
            <value description="NEW" enum="0"/>
            <value description="CANCEL" enum="1"/>
            <value description="CORRECT" enum="2"/>
            <value description="STATUS" enum="3"/>
        </field>
        <field name="HandlInst" number="21" type="CHAR">
            <value description="AUTOMATED_EXECUTION_ORDER_PRIVATE_NO_BROKER_INTERVENTION" enum="1"/>
            <value description="AUTOMATED_EXECUTION_ORDER_PUBLIC_BROKER_INTERVENTION_OK" enum="2"/>
            <value description="MANUAL_ORDER_BEST_EXECUTION" enum="3"/>
        </field>
        <field name="IDSource" number="22" type="STRING">
            <value description="CUSIP" enum="1"/>
            <value description="SEDOL" enum="2"/>
            <value description="QUIK" enum="3"/>
            <value description="ISIN_NUMBER" enum="4"/>
            <value description="RIC_CODE" enum="5"/>
            <value description="ISO_CURRENCY_CODE" enum="6"/>
            <value description="ISO_COUNTRY_CODE" enum="7"/>
            <value description="EXCHANGE_SYMBOL" enum="8"/>
            <value description="CONSOLIDATED_TAPE_ASSOCIATION" enum="9"/>
            <value description="SMCP" enum="s"/>
            <value description="FII" enum="101"/>
        </field>
        <field number="23" name="IOIID" type="STRING"/>
        <field name="LastCapacity" number="29" type="STRING"/>
        <field name="LastMkt" number="30" type="EXCHANGE"/>
        <field name="LastPx" number="31" type="PRICE"/>
        <field name="LastShares" number="32" type="QTY"/>
        <field name="MsgSeqNum" number="34" type="SEQNUM"/>
        <field name="MsgType" number="35" type="CHAR">
            <value description="HEARTBEAT" enum="0"/>
            <value description="TEST_REQUEST" enum="1"/>
            <value description="RESEND_REQUEST" enum="2"/>
            <value description="REJECT" enum="3"/>
            <value description="SEQUENCE_RESET" enum="4"/>
            <value description="LOGOUT" enum="5"/>
            <value description="INDICATION_OF_INTEREST" enum="6"/>
            <value description="ADVERTISEMENT" enum="7"/>
            <value description="EXECUTION_REPORT" enum="8"/>
            <value description="ORDER_CANCEL_REJECT" enum="9"/>
            <value description="LOGON" enum="A"/>
            <value description="NEWS" enum="B"/>
            <value description="EMAIL" enum="C"/>
            <value description="ORDER_SINGLE" enum="D"/>
            <value description="ORDER_LIST" enum="E"/>
            <value description="ORDER_CANCEL_REQUEST" enum="F"/>
            <value description="ORDER_CANCEL_REPLACE_REQUEST" enum="G"/>
            <value description="ORDER_STATUS_REQUEST" enum="H"/>
            <value description="ALLOCATION_INSTRUCTION" enum="J"/>
            <value description="LIST_CANCEL_REQUEST" enum="K"/>
            <value description="LIST_EXECUTE" enum="L"/>
            <value description="LIST_STATUS_REQUEST" enum="M"/>
            <value description="LIST_STATUS" enum="N"/>
            <value description="ALLOCATION_INSTRUCTION_ACK" enum="P"/>
            <value description="DONT_KNOW_TRADE" enum="Q"/>
            <value description="QUOTE_REQUEST" enum="R"/>
            <value description="QUOTE" enum="S"/>
            <value description="SETTLEMENT_INSTRUCTIONS" enum="T"/>
            <value description="MARKET_DATA_REQUEST" enum="V"/>
            <value description="MARKET_DATA_SNAPSHOT_FULL_REFRESH" enum="W"/>
            <value description="MARKET_DATA_INCREMENTAL_REFRESH" enum="X"/>
            <value description="MARKET_DATA_REQUEST_REJECT" enum="Y"/>
            <value description="QUOTE_CANCEL" enum="Z"/>
            <value description="QUOTE_STATUS_REQUEST" enum="a"/>
            <value description="MASS_QUOTE_ACKNOWLEDGEMENT" enum="b"/>
            <value description="SECURITY_DEFINITION_REQUEST" enum="c"/>
            <value description="SECURITY_DEFINITION" enum="d"/>
            <value description="SECURITY_STATUS_REQUEST" enum="e"/>
            <value description="SECURITY_STATUS" enum="f"/>
            <value description="TRADING_SESSION_STATUS_REQUEST" enum="g"/>
            <value description="TRADING_SESSION_STATUS" enum="h"/>
            <value description="MASS_QUOTE" enum="i"/>
            <value description="BUSINESS_MESSAGE_REJECT" enum="j"/>
            <value description="BID_REQUEST" enum="k"/>
            <value description="BID_RESPONSE" enum="l"/>
            <value description="LIST_STRIKE_PRICE" enum="m"/>
            <value description="XML_MESSAGE" enum="n"/>
            <value description="REGISTRATION_INSTRUCTIONS" enum="o"/>
            <value description="REGISTRATION_INSTRUCTIONS_RESPONSE" enum="p"/>
            <value description="ORDER_MASS_CANCEL_REQUEST" enum="q"/>
            <value description="ORDER_MASS_CANCEL_REPORT" enum="r"/>
            <value description="NEW_ORDER_CROSS" enum="s"/>
            <value description="CROSS_ORDER_CANCEL_REPLACE_REQUEST" enum="t"/>
            <value description="CROSS_ORDER_CANCEL_REQUEST" enum="u"/>
            <value description="SECURITY_TYPE_REQUEST" enum="v"/>
            <value description="SECURITY_TYPES" enum="w"/>
            <value description="SECURITY_LIST_REQUEST" enum="x"/>
            <value description="SECURITY_LIST" enum="y"/>
            <value description="DERIVATIVE_SECURITY_LIST_REQUEST" enum="z"/>
            <value description="DERIVATIVE_SECURITY_LIST" enum="AA"/>
            <value description="NEW_ORDER_MULTILEG" enum="AB"/>
            <value description="MULTILEG_ORDER_CANCEL_REPLACE" enum="AC"/>
            <value description="TRADE_CAPTURE_REPORT_REQUEST" enum="AD"/>
            <value description="TRADE_CAPTURE_REPORT" enum="AE"/>
            <value description="ORDER_MASS_STATUS_REQUEST" enum="AF"/>
            <value description="QUOTE_REQUEST_REJECT" enum="AG"/>
            <value description="RFQ_REQUEST" enum="AH"/>
            <value description="QUOTE_STATUS_REPORT" enum="AI"/>
            <value description="QUOTE_RESPONSE" enum="AJ"/>
            <value description="CONFIRMATION" enum="AK"/>
            <value description="POSITION_MAINTENANCE_REQUEST" enum="AL"/>
            <value description="POSITION_MAINTENANCE_REPORT" enum="AM"/>
            <value description="REQUEST_FOR_POSITIONS" enum="AN"/>
            <value description="REQUEST_FOR_POSITIONS_ACK" enum="AO"/>
            <value description="POSITION_REPORT" enum="AP"/>
            <value description="TRADE_CAPTURE_REPORT_REQUEST_ACK" enum="AQ"/>
            <value description="TRADE_CAPTURE_REPORT_ACK" enum="AR"/>
            <value description="ALLOCATION_REPORT" enum="AS"/>
            <value description="ALLOCATION_REPORT_ACK" enum="AT"/>
            <value description="CONFIRMATION_ACK" enum="AU"/>
            <value description="SETTLEMENT_INSTRUCTION_REQUEST" enum="AV"/>
            <value description="ASSIGNMENT_REPORT" enum="AW"/>
            <value description="COLLATERAL_REQUEST" enum="AX"/>
            <value description="COLLATERAL_ASSIGNMENT" enum="AY"/>
            <value description="COLLATERAL_RESPONSE" enum="AZ"/>
            <value description="COLLATERAL_REPORT" enum="BA"/>
            <value description="COLLATERAL_INQUIRY" enum="BB"/>
            <value description="NETWORK_STATUS_REQUEST" enum="BC"/>
            <value description="NETWORK_STATUS_RESPONSE" enum="BD"/>
            <value description="USER_REQUEST" enum="BE"/>
            <value description="USER_RESPONSE" enum="BF"/>
            <value description="COLLATERAL_INQUIRY_ACK" enum="BG"/>
            <value description="CONFIRMATION_REQUEST" enum="BH"/>
            <value description="RIO_MESSAGE" enum="RIO"/>
        </field>
        <field name="NewSeqNo" number="36" type="INT"/>
        <field name="OrderID" number="37" type="STRING"/>
        <field name="OrderQty" number="38" type="QTY"/>
        <field name="OrdStatus" number="39" type="CHAR">
            <value description="NEW" enum="0"/>
            <value description="PARTIALLY_FILLED" enum="1"/>
            <value description="FILLED" enum="2"/>
            <value description="DONE_FOR_DAY" enum="3"/>
            <value description="CANCELED" enum="4"/>
            <value description="REPLACED" enum="5"/>
            <value description="PENDING_CANCEL" enum="6"/>
            <value description="STOPPED" enum="7"/>
            <value description="REJECTED" enum="8"/>
            <value description="SUSPENDED" enum="9"/>
            <value description="PENDING_NEW" enum="A"/>
            <value description="CALCULATED" enum="B"/>
            <value description="EXPIRED" enum="C"/>
            <value description="ACCEPTED_FOR_BIDDING" enum="D"/>
            <value description="PENDING_REPLACE" enum="E"/>
        </field>
        <field name="OrdType" number="40" type="CHAR">
            <value description="MARKET" enum="1"/>
            <value description="LIMIT" enum="2"/>
            <value description="STOP" enum="3"/>
            <value description="STOP_LIMIT" enum="4"/>
            <value description="MARKET_ON_CLOSE" enum="5"/>
            <value description="WITH_OR_WITHOUT" enum="6"/>
            <value description="LIMIT_OR_BETTER" enum="7"/>
            <value description="LIMIT_WITH_OR_WITHOUT" enum="8"/>
            <value description="ON_BASIS" enum="9"/>
            <value description="ON_CLOSE" enum="A"/>
            <value description="LIMIT_ON_CLOSE" enum="B"/>
            <value description="FOREX_MARKET" enum="C"/>
            <value description="PREVIOUSLY_QUOTED" enum="D"/>
            <value description="PREVIOUSLY_INDICATED" enum="E"/>
            <value description="FOREX_LIMIT" enum="F"/>
            <value description="FOREX_SWAP" enum="G"/>
            <value description="FOREX_PREVIOUSLY_QUOTED" enum="H"/>
            <value description="FUNARI" enum="I"/>
            <value description="MARKET_WITH_LEFTOVER_AS_LIMIT" enum="K"/>
            <value description="PEGGED" enum="P"/>
        </field>
        <field name="OrigClOrdID" number="41" type="STRING"/>
        <field name="PossDupFlag" number="43" type="BOOLEAN"/>
        <field name="Price" number="44" type="PRICE"/>
        <field name="RefSeqNum" number="45" type="INT"/>
        <field name="Rule80A"   number="47"  type="CHAR">
            <value enum="A" description="AGENCY_SINGLE_ORDER"/>
            <value enum="B" description="SHORT_EXEMPT_TRANSACTION_B"/>
            <value enum="C" description="PROGRAM_ORDER_NONINDEX_ARB_FOR_MEMBER_FIRMORG"/>
            <value enum="D" description="PROGRAM_ORDER_INDEX_ARB_FOR_MEMBER_FIRMORG"/>
            <value enum="E" description="REGISTERED_EQUITY_MARKET_MAKER_TRADES"/>
            <value enum="F" description="SHORT_EXEMPT_TRANSACTION_F"/>
            <value enum="H" description="SHORT_EXEMPT_TRANSACTION_H"/>
            <value enum="I" description="INDIVIDUAL_INVESTOR"/>
            <value enum="J" description="PROGRAM_ORDER_INDEX_ARB_FOR_INDIVIDUAL_CUSTOMER"/>
            <value enum="K" description="PROGRAM_ORDER_NONINDEX_ARB_FOR_INDIVIDUAL_CUSTOMER"/>
            <value enum="L" description="SHORT_EXEMPT_AFFILIATED"/>
            <value enum="M" description="PROGRAM_ORDER_INDEX_ARB_FOR_OTHER_MEMBER"/>
            <value enum="N" description="PROGRAM_ORDER_NONINDEX_ARB_FOR_OTHER_MEMBER"/>
            <value enum="O" description="COMPETING_DEALER_TRADES_O"/>
            <value enum="P" description="PRINCIPAL"/>
            <value enum="R" description="COMPETING_DEALER_TRADES_R"/>
            <value enum="S" description="SPECIALIST_TRADES"/>
            <value enum="T" description="COMPETING_DEALER_TRADES_T"/>
            <value enum="U" description="PROGRAM_ORDER_INDEX_ARB_FOR_OTHER_AGENCY"/>
            <value enum="W" description="ALL_OTHER_ORDERS_AS_AGENT_FOR_OTHER_MEMBER"/>
            <value enum="X" description="SHORT_EXEMPT_NOT_AFFILIATED"/>
            <value enum="Y" description="PROGRAM_ORDER_NONINDEX_ARB_FOR_OTHER_AGENCY"/>
            <value enum="Z" description="SHORT_EXEMPT_NONMEMBER"/>
        </field>
        <field name="SecurityID" number="48" type="STRING"/>
        <field name="SenderCompID" number="49" type="STRING"/>
        <field name="SenderSubID" number="50" type="STRING"/>
        <field name="SendingTime" number="52" type="UTCTIMESTAMP"/>
        <field name="Side" number="54" type="CHAR">
            <value description="BUY" enum="1"/>
            <value description="SELL" enum="2"/>
            <value description="BUY_MINUS" enum="3"/>
            <value description="SELL_PLUS" enum="4"/>
            <value description="SELL_SHORT" enum="5"/>
            <value description="SELL_SHORT_EXEMPT" enum="6"/>
            <value description="D" enum="7"/>
            <value description="CROSS" enum="8"/>
            <value description="CROSS_SHORT" enum="9"/>
        </field>
        <field name="Symbol" number="55" type="STRING"/>
        <field name="TargetCompID" number="56" type="STRING"/>
        <field name="TargetSubID" number="57" type="STRING"/>
        <field name="Text" number="58" type="STRING"/>
        <field name="TimeInForce" number="59" type="CHAR">
            <value description="DAY" enum="0"/>
            <value description="GOOD_TILL_CANCEL" enum="1"/>
            <value description="AT_THE_OPENING" enum="2"/>
            <value description="IMMEDIATE_OR_CANCEL" enum="3"/>
            <value description="FILL_OR_KILL" enum="4"/>
            <value description="GOOD_TILL_CROSSING" enum="5"/>
            <value description="GOOD_TILL_DATE" enum="6"/>
            <value enum="7" description="AT_THE_CLOSE"/>
        </field>
        <field name="TransactTime" number="60" type="UTCTIMESTAMP"/>
        <field name="SettlmntTyp" number="63" type="CHAR">
            <value description="REGULAR" enum="0"/>
            <value description="CASH" enum="1"/>
            <value description="NEXT_DAY" enum="2"/>
            <value description="TPLUS2" enum="3"/>
            <value description="TPLUS3" enum="4"/>
            <value description="TPLUS4" enum="5"/>
            <value description="FUTURE" enum="6"/>
            <value description="WHEN_ISSUED" enum="7"/>
            <value description="SELLERS_OPTION" enum="8"/>
            <value description="TPLUS5" enum="9"/>
        </field>
        <field name="SymbolSfx" number="65" type="STRING"/>
        <field name="TradeDate" number="75" type="LOCALMKTDATE"/>
        <field name="CxlQty"    number="84"  type="QTY"/>
        <field name="RawDataLength" number="95" type="INT"/>
        <field name="RawData" number="96" type="DATA"/>
        <field name="PossResend" number="97" type="BOOLEAN"/>
        <field name="EncryptMethod" number="98" type="INT">
            <value description="NONE_OTHER" enum="0"/>
            <value description="PKCS" enum="1"/>
            <value description="DES" enum="2"/>
            <value description="PKCSDES" enum="3"/>
            <value description="PGPDES" enum="4"/>
            <value description="PGPDESMD5" enum="5"/>
            <value description="PEMDESMD5" enum="6"/>
        </field>
        <field number="99" name="StopPx" type="PRICE"/>
        <field number="100" name="ExDestination" type="EXCHANGE"/>
        <field number="102" name="CxlRejReason" type="INT">
            <value enum="0" description="TOO_LATE_TO_CANCEL"/>
            <value enum="1" description="UNKNOWN_ORDER"/>
            <value enum="2" description="BROKER_OPTION"/>
            <value enum="3" description="ALREADY_PENDING"/>
        </field>
        <field number="103" name="OrdRejReason" type="INT">
            <value enum="0" description="BROKER_OPTION"/>
            <value enum="1" description="UNKNOWN_SYMBOL"/>
            <value enum="2" description="EXCHANGE_CLOSED"/>
            <value enum="3" description="ORDER_EXCEEDS_LIMIT"/>
            <value enum="4" description="TOO_LATE_TO_ENTER"/>
            <value enum="5" description="UNKNOWN_ORDER"/>
            <value enum="6" description="DUPLICATE_ORDER"/>
            <value enum="7" description="DUPLICATE_VERBAL"/>
            <value enum="8" description="STALE_ORDER"/>
        </field>
        <field name="Issuer" number="106" type="STRING"/>
        <field name="SecurityDesc" number="107" type="STRING"/>
        <field name="HeartBtInt" number="108" type="INT"/>
        <field name="ClientID"   number="109"  type="STRING"/>
        <field name="MinQty" number="110" type="QTY"/>
        <field name="TestReqID" number="112" type="STRING"/>
        <field number="113" name="ReportToExch" type="STRING">
            <value description="BOOKING" enum="B"/>
            <value description="RPTINDF" enum="F"/>
            <value description="RPTINDM" enum="M"/>
            <value description="PARTYSENDINGWILLRPT" enum="N"/>
            <value description="RPTINDO" enum="O"/>
            <value description="RPTINDW" enum="W"/>
            <value description="PARTYMUSTRPT" enum="Y"/>
        </field>
        <field name="LocateReqd" number="114"  type="BOOLEAN">
            <value enum="N" description="NO"/>
            <value enum="Y" description="YES"/>
        </field>
        <field number="115" name="OnBehalfOfCompID" type="STRING"/>
        <field number="116" name="OnBehalfOfSubID" type="STRING"/>
        <field number="117" name="QuoteID" type="STRING"/>
        <field name="SettlCurrAmt" number="119"  type="AMT"/>
        <field name="SettlCurrency" number="120" type="CURRENCY"/>
        <field name="OrigSendingTime" number="122" type="UTCTIMESTAMP"/>
        <field name="GapFillFlag" number="123" type="BOOLEAN">
            <value description="GAP_FILL_MESSAGE_MSGSEQNUM_FIELD_VALID" enum="Y"/>
            <value description="SEQUENCE_RESET_IGNORE_MSGSEQNUM" enum="N"/>
        </field>
        <field name="ExpireTime" number="126" type="UTCTIMESTAMP"/>
        <field name="DKReason" number="127" type="CHAR">
            <value enum="A" description="UNKNOWN_SYMBOL"/>
            <value enum="B" description="WRONG_SIDE"/>
            <value enum="C" description="QUANTITY_EXCEEDS_ORDER"/>
            <value enum="D" description="NO_MATCHING_ORDER"/>
            <value enum="E" description="PRICE_EXCEEDS_LIMIT"/>
            <value enum="Z" description="OTHER"/>
        </field>
        <field number="128" name="DeliverToCompID" type="STRING"/>
        <field number="129" name="DeliverToSubID" type="STRING"/>
        <field number="132" name="BidPx" type="PRICE"/>
        <field number="133" name="OfferPx" type="PRICE"/>
        <field number="134" name="BidSize" type="QTY"/>
        <field number="135" name="OfferSize" type="QTY"/>
        <field name="ResetSeqNumFlag" number="141" type="BOOLEAN">
            <value description="YES_RESET_SEQUENCE_NUMBERS" enum="Y"/>
            <value description="NO" enum="N"/>
        </field>
        <field name="ExecType" number="150" type="CHAR">
            <value description="NEW" enum="0"/>
            <value description="PARTIAL_FILL" enum="1"/>
            <value description="FILL" enum="2"/>
            <value description="DONE_FOR_DAY" enum="3"/>
            <value description="CANCELED" enum="4"/>
            <value description="REPLACE" enum="5"/>
            <value description="PENDING_CANCEL" enum="6"/>
            <value description="STOPPED" enum="7"/>
            <value description="REJECTED" enum="8"/>
            <value description="SUSPENDED" enum="9"/>
            <value description="PENDING_NEW" enum="A"/>
            <value description="CALCULATED" enum="B"/>
            <value description="EXPIRED" enum="C"/>
            <value description="RESTATED" enum="D"/>
            <value description="PENDING_REPLACE" enum="E"/>
            <value description="TRADE" enum="F"/>
            <value description="TRADE_CORRECT" enum="G"/>
            <value description="TRADE_CANCEL" enum="H"/>
        </field>
        <field name="LeavesQty" number="151" type="QTY"/>
        <field name="SettlCurrFxRate" number="155"  type="FLOAT"/>
        <field name="SettlCurrFxRateCalc" number="156"  type="CHAR">
            <value enum="D" description="DIVIDE"/>
            <value enum="M" description="MULTIPLY"/>
        </field>
        <field name="CashOrderQty" number="152" type="QTY"/>
        <field name="SecurityType" number="167" type="STRING">
            <value description="BANKERS_ACCEPTANCE" enum="BA"/>
            <value description="CONVERTIBLE_BOND" enum="CB"/>
            <value description="CERTIFICATE_OF_DEPOSIT" enum="CD"/>
            <value description="COLLATERALIZE_MORTGAGE_OBLIGATION" enum="CMO"/>
            <value description="CORPORATE_BOND" enum="CORP"/>
            <value description="COMMERCIAL_PAPER" enum="CP"/>
            <value description="CORPORATE_PRIVATE_PLACEMENT" enum="CPP"/>
            <value description="COMMON_STOCK" enum="CS"/>
            <value description="FEDERAL_HOUSING_AUTHORITY" enum="FHA"/>
            <value description="FEDERAL_HOME_LOAN" enum="FHL"/>
            <value description="FEDERAL_NATIONAL_MORTGAGE_ASSOCIATION" enum="FN"/>
            <value description="FOREIGN_EXCHANGE_CONTRACT" enum="FOR"/>
            <value description="FUTURE" enum="FUT"/>
            <value description="GOVERNMENT_NATIONAL_MORTGAGE_ASSOCIATION" enum="GN"/>
            <value description="TREASURIES_PLUS_AGENCY_DEBENTURE" enum="GOVT"/>
            <value description="MUTUAL_FUND" enum="MF"/>
            <value description="MORTGAGE_INTEREST_ONLY" enum="MIO"/>
            <value description="MORTGAGE_PRINCIPAL_ONLY" enum="MPO"/>
            <value description="MORTGAGE_PRIVATE_PLACEMENT" enum="MPP"/>
            <value description="MISCELLANEOUS_PASSTHRU" enum="MPT"/>
            <value description="MUNICIPAL_BOND" enum="MUNI"/>
            <value description="NO_ISITC_SECURITY_TYPE" enum="NONE"/>
            <value description="OPTION" enum="OPT"/>
            <value description="PREFERRED_STOCK" enum="PS"/>
            <value description="REPURCHASE_AGREEMENT" enum="RP"/>
            <value description="REVERSE_REPURCHASE_AGREEMENT" enum="RVRP"/>
            <value description="STUDENT_LOAN_MARKETING_ASSOCIATION" enum="SL"/>
            <value description="TIME_DEPOSIT" enum="TD"/>
            <value description="US_TREASURY_BILL" enum="USTB"/>
            <value description="WARRANT" enum="WAR"/>
            <value description="CATS_TIGERS" enum="ZOO"/>
        </field>
        <field name="MaturityMonthYear" number="200" type="MONTHYEAR"/>
        <field name="PutOrCall" number="201" type="INT">
            <value description="PUT" enum="0"/>
            <value description="CALL" enum="1"/>
        </field>
        <field name="StrikePrice" number="202" type="PRICE"/>
        <field name="CustomerOrFirm"  number="204" type="INT">
            <value enum="0" description="CUSTOMER"/>
            <value enum="1" description="FIRM"/>
        </field>
        <field name="MaturityDay" number="205" type="DAYOFMONTH"/>
        <field name="OptAttribute" number="206" type="CHAR"/>
        <field name="SecurityExchange" number="207" type="EXCHANGE"/>
        <field name="CouponRate" number="223" type="FLOAT"/>
        <field name="ContractMultiplier" number="231" type="FLOAT"/>
        <field name="MDReqID" number="262" type="STRING"/>
        <field name="NoMDEntries" number="268" type="INT"/>
        <field name="MDEntryType" number="269" type="CHAR">
            <value description="BID" enum="0"/>
            <value description="OFFER" enum="1"/>
            <value description="TRADE" enum="2"/>
            <value description="INDEX_VALUE" enum="3"/>
            <value description="OPENING_PRICE" enum="4"/>
            <value description="CLOSING_PRICE" enum="5"/>
            <value description="SETTLEMENT_PRICE" enum="6"/>
            <value description="TRADING_SESSION_HIGH_PRICE" enum="7"/>
            <value description="TRADING_SESSION_LOW_PRICE" enum="8"/>
            <value description="TRADING_SESSION_VWAP_PRICE" enum="9"/>
        </field>
        <field name="MDEntryPx" number="270" type="PRICE"/>
        <field name="MDEntrySize" number="271" type="QTY"/>
        <field name="MDEntryDate" number="272" type="UTCDATE"/>
        <field name="MDEntryTime" number="273" type="UTCTIMEONLY"/>
        <field name="TickDirection" number="274" type="CHAR">
            <value description="PLUS_TICK" enum="0"/>
            <value description="ZEROPLUS_TICK" enum="1"/>
            <value description="MINUS_TICK" enum="2"/>
            <value description="ZEROMINUS_TICK" enum="3"/>
        </field>
        <field name="MDMkt" number="275" type="EXCHANGE"/>
        <field name="QuoteCondition" number="276" type="MULTIPLEVALUESTRING">
            <value description="OPEN_ACTIVE" enum="A"/>
            <value description="CLOSED_INACTIVE" enum="B"/>
            <value description="EXCHANGE_BEST" enum="C"/>
            <value description="CONSOLIDATED_BEST" enum="D"/>
            <value description="LOCKED" enum="E"/>
            <value description="CROSSED" enum="F"/>
            <value description="DEPTH" enum="G"/>
            <value description="FAST_TRADING" enum="H"/>
            <value description="NONFIRM" enum="I"/>
        </field>
        <field name="TradeCondition" number="277" type="MULTIPLEVALUESTRING">
            <value description="CASH" enum="A"/>
            <value description="AVERAGE_PRICE_TRADE" enum="B"/>
            <value description="CASH_TRADE" enum="C"/>
            <value description="NEXT_DAY" enum="D"/>
            <value description="OPENING_REOPENING_TRADE_DETAIL" enum="E"/>
            <value description="INTRADAY_TRADE_DETAIL" enum="F"/>
            <value description="RULE_127_TRADE" enum="G"/>
            <value description="RULE_155_TRADE" enum="H"/>
            <value description="SOLD_LAST" enum="I"/>
            <value description="NEXT_DAY_TRADE" enum="J"/>
            <value description="OPENED" enum="K"/>
            <value description="SELLER" enum="L"/>
            <value description="SOLD" enum="M"/>
            <value description="STOPPED_STOCK" enum="N"/>
        </field>
        <field name="MDEntryOriginator" number="282" type="STRING"/>
        <field name="LocationID" number="283" type="STRING"/>
        <field name="DeskID" number="284" type="STRING"/>
        <field name="OpenCloseSettleFlag" number="286" type="CHAR">
            <value description="DAILY_OPEN_CLOSE__SETTLEMENT_PRICE" enum="0"/>
            <value description="SESSION_OPEN_CLOSE__SETTLEMENT_PRICE" enum="1"/>
            <value description="DELIVERY_SETTLEMENT_PRICE" enum="2"/>
        </field>
        <field name="SellerDays" number="287" type="INT"/>
        <field name="MDEntryBuyer" number="288" type="STRING"/>
        <field name="MDEntrySeller" number="289" type="STRING"/>
        <field name="MDEntryPositionNo" number="290" type="INT"/>
        <field name="FinancialStatus" number="291" type="CHAR">
            <value description="BANKRUPT" enum="1"/>
        </field>
        <field name="CorporateAction" number="292" type="CHAR">
            <value description="EXDIVIDEND" enum="A"/>
            <value description="EXDISTRIBUTION" enum="B"/>
            <value description="EXRIGHTS" enum="C"/>
            <value description="NEW" enum="D"/>
            <value description="EXINTEREST" enum="E"/>
        </field>
        <field name="QuoteEntryID" number="299" type="STRING"/>
        <field name="TradingSessionID" number="336" type="STRING"/>
        <field number="337" name="ContraTrader" type="STRING"/>
        <field name="NumberOfOrders" number="346" type="INT"/>
        <field name="EncodedIssuerLen" number="348" type="INT"/>
        <field name="EncodedIssuer" number="349" type="DATA"/>
        <field name="EncodedSecurityDescLen" number="350" type="INT"/>
        <field name="EncodedSecurityDesc" number="351" type="DATA"/>
        <field name="EncodedTextLen" number="354" type="INT"/>
        <field name="EncodedText" number="355" type="DATA"/>
        <field name="RefTagID" number="371" type="INT"/>
        <field name="RefMsgType" number="372" type="STRING"/>
        <field name="SessionRejectReason" number="373" type="INT">
            <value description="INVALID_TAG_NUMBER" enum="0"/>
            <value description="REQUIRED_TAG_MISSING" enum="1"/>
            <value description="TAG_NOT_DEFINED_FOR_THIS_MESSAGE_TYPE" enum="2"/>
            <value description="UNDEFINED_TAG" enum="3"/>
            <value description="TAG_SPECIFIED_WITHOUT_A_VALUE" enum="4"/>
            <value description="VALUE_IS_INCORRECT" enum="5"/>
            <value description="INCORRECT_DATA_FORMAT_FOR_VALUE" enum="6"/>
            <value description="DECRYPTION_PROBLEM" enum="7"/>
            <value description="SIGNATURE_PROBLEM" enum="8"/>
            <value description="COMPID_PROBLEM" enum="9"/>
            <value description="SENDINGTIME_ACCURACY_PROBLEM" enum="10"/>
            <value description="INVALID_MSGTYPE" enum="11"/>
            <value description="XML_VALIDATION_ERROR" enum="12"/>
            <value description="TAG_APPEARS_MORE_THAN_ONCE" enum="13"/>
            <value description="TAG_SPECIFIED_OUT_OF_REQUIRED_ORDER" enum="14"/>
            <value description="REPEATING_GROUP_FIELDS_OUT_OF_ORDER" enum="15"/>
            <value description="INCORRECT_NUMINGROUP_COUNT_FOR_REPEATING_GROUP" enum="16"/>
            <value description="NON_DATA_VALUE_INCLUDES_FIELD_DELIMITER" enum="17"/>
            <value description="OTHER" enum="99"/>
        </field>
        <field number="375" name="ContraBroker" type="STRING"/>
        <field number="378" name="ExecRestatementReason" type="INT">
            <value enum="0" description="GT_CORPORATE_ACTION"/>
            <value enum="1" description="GT_RENEWAL_RESTATEMENT"/>
            <value enum="2" description="VERBAL_CHANGE"/>
            <value enum="3" description="REPRICING_OF_ORDER"/>
            <value enum="4" description="BROKER_OPTION"/>
            <value enum="5" description="PARTIAL_DECLINE_OF_ORDERQTY"/>
        </field>
        <field number="379" name="BusinessRejectRefID" type="STRING"/>
        <field number="380" name="BusinessRejectReason" type="INT">
            <value enum="0" description="OTHER"/>
            <value enum="1" description="UNKOWN_ID"/>
            <value enum="2" description="UNKNOWN_SECURITY"/>
            <value enum="3" description="UNSUPPORTED_MESSAGE_TYPE"/>
            <value enum="4" description="APPLICATION_NOT_AVAILABLE"/>
            <value enum="5" description="CONDITIONALLY_REQUIRED_FIELD_MISSING"/>
        </field>
        <field number="382" name="NoContraBrokers" type="NUMINGROUP"/>
        <field name="MaxMessageSize" number="383" type="INT"/>
        <field name="NoMsgTypes" number="384" type="INT"/>
        <field name="MsgDirection" number="385" type="CHAR">
            <value description="SEND" enum="S"/>
            <value description="RECEIVE" enum="R"/>
        </field>
        <field name="TotalVolumeTraded" number="387" type="QTY"/>
        <field name="Country" number="421" type="STRING"/>
        <field number="423" name="PriceType" type="INT">
            <value enum="1" description="PERCENTAGE"/>
            <value enum="2" description="PER_UNIT"/>
            <value enum="3" description="FIXED_AMOUNT"/>
            <value enum="4" description="DISCOUNT"/>
            <value enum="5" description="PREMIUM"/>
            <value enum="6" description="SPREAD"/>
            <value enum="7" description="TED_PRICE"/>
            <value enum="8" description="TED_YIELD"/>
            <value enum="9" description="YIELD"/>
            <value enum="10" description="FIXED_CABINET_TRADE_PRICE"/>
            <value enum="11" description="VARIABLE_CABINET_TRADE_PRICE"/>
        </field>
        <field name="ExpireDate" number="432" type="LOCALMKTDATE"/>
        <field name="CxlRejResponseTo" number="434" type="CHAR">
            <value description="ORDER_CANCEL_REQUEST" enum="1"/>
            <value description="ORDER_CANCEL_REPLACE_REQUEST" enum="2"/>
        </field>
        <field number="437" name="ContraTradeQty" type="QTY"/>
        <field number="438" name="ContraTradeTime" type="UTCTIMESTAMP"/>
        <field name="SecurityAltID" number="455" type="STRING"/>
        <field name="SecurityAltIDSource" number="456" type="STRING"/>
        <field name="OrderCapacity" number="528" type="CHAR" >
            <value description="AGENCY" enum="A"/>
            <value description="PROPRIETARY" enum="G"/>
            <value description="INDIVIDUAL" enum="I"/>
            <value description="PRINCIPAL" enum="P"/>
            <value description="RISKLESS_PRINCIPAL" enum="R"/>
            <value description="AGENT_FOR_OTHER_MEMBER" enum="W"/>
        </field>
        <field name="OrderRestrictions" number="529" type="STRING"/>
        <field number="548" name="CrossID" type="STRING"/>
        <field number="551" name="OrigCrossID" type="STRING"/>
        <field name="Username" number="553" type="STRING"/>
        <field name="Password" number="554" type="STRING"/>
        <field number="576" name="NoClearingInstructions" type="INT"/>
        <field number="577" name="ClearingInstruction" type="INT">
            <value enum="0" description="PROCESS_NORMALLY"/>
            <value enum="1" description="EXCLUDE_FROM_ALL_NETTING"/>
            <value enum="2" description="BILATERAL_NETTING_ONLY"/>
            <value enum="3" description="EX_CLEARING"/>
            <value enum="4" description="SPECIAL_TRADE"/>
            <value enum="5" description="MULTILATERAL_NETTING"/>
            <value enum="6" description="CLEAR_AGAINST_CENTRAL_COUNTERPARTY"/>
            <value enum="7" description="EXCLUDE_FROM_CENTRAL_COUNTERPARTY"/>
            <value enum="8" description="MANUAL_MODE"/>
            <value enum="9" description="AUTOMATIC_POSTING_MODE"/>
            <value enum="10" description="AUTOMATIC_GIVE_UP_MODE"/>
            <value enum="11" description="QUALIFIED_SERVICE_REPRESENTATIVE"/>
            <value enum="12" description="CUSTOMER_TRADE"/>
            <value enum="13" description="SELF_CLEARING"/>
        </field>
        <field name="AccountType" number="581" type="STRING"/>
        <field number="655" name="ContraLegRefID" type="STRING"/>
        <field name="AccountIDSource" number="660" type="STRING"/>
        <field number="669" name="LastParPx" type="PRICE"/>
        <field name="BookingType" number="775" type="STRING" >
            <value description="REGULARBOOKING" enum="0" />
            <value description="CFDCONTRACTFORDIFFERENCE" enum="1" />
            <value description="GIVEUPORDER" enum="100" />
            <value description="CASHORDER" enum="101" />
            <value description="LEPOORDER" enum="102" />
            <value description="PNOTEINDICATOR" enum="103" />
            <value description="GIVEINORDER" enum="104" />
            <value description="HYBRID" enum="105" />
            <value description="HYBRIDSWAPORDER" enum="106" />
            <value description="HYBRIDGIVEUPORDER" enum="107" />
            <value description="PBCROSS" enum="108" />
            <value description="TOTALRETURNSWAP" enum="2" />
        </field>
        <field number="847" name="TargetStrategy" type="INT"/>
        <field number="848" name="TargetStrategyParameters" type="STRING"/>
        <field number="957" name="NoStrategyParameters" type="STRING"/>
        <field number="960" name="StrategyParameterValue" type="STRING"/>
        <field number="1688" name="ShortSaleExemptReason" type="MULTIPLEVALUESTRING"/>
        <field number="5700" name="LocateBroker" type="STRING"/>
        <field number="5701" name="LocateIdentifier" type="STRING"/>
        <field number="6042" name="CxlReason" type="STRING">
            <value description="CLIENT_CXL" enum="1"/>
            <value description="UNSOL_CXL_MARKET_CLOSED" enum="2"/>
            <value description="UNSOL_CXL_IOC" enum="3"/>
            <value description="MASS_CXL" enum="4"/>
            <value description="CXL_ON_DISCONNECT" enum="5"/>
            <value description="ADMINISTRATIVE_CXL" enum="6"/>
        </field>
        <field number="6438" name="CrossInstruction" type="MULTIPLEVALUESTRING">
            <value description="AGENCY_ONLY" enum="A"/>
            <value description="NO_CROSSING" enum="C"/>
            <value description="EVERYTHING" enum="E"/>
            <value description="NO_FILLSERVER" enum="F"/>
            <value description="NO_INSTITUTION" enum="I"/>
            <value description="NO_LIQUIDITYPING" enum="L"/>
            <value description="DO_NOT_CROSS_MARKET_MAKER" enum="M"/>
            <value description= "NO_RESTRICTION" enum="N"/>
            <value description= "DO_NOT_CROSS_SELF" enum="NS"/>
            <value description="CROSS_WITH_PRINCIPAL_ONLY" enum="O"/>
            <value description="NO_PRINCIPLE" enum="P"/>
            <value description="SELF" enum="Q"/>
            <value description="NO_RETAIL" enum="R"/>
            <value description="CROSS_WITH_SELF_AS_PRIORITY" enum="S"/>
            <value description="NO_WHOLESALE" enum="W"/>
            <value description="NO_CROSSING_NO_POST" enum="X"/>
            <value description="NO_CRB" enum="Y"/>
            <value description="NO_CLIENT_CONDORDER" enum="Z"/>
        </field>
        <field number="7411" name="CrossStrategy" type="STRING"/>
        <field number="7491" name="CustomPrice1" type="STRING"/>
        <field number="8004" name="CustomerSlang" type="STRING"/>
        <field number="8060" name="ConditionalOrderQty" type="QTY"/>
        <field name="LastTraded" number="11001" type="PRICE"/>
        <field name="LastTradedDelta" number="11002" type="PRICE"/>
        <field name="UpLimit" number="11003" type="PRICE"/>
        <field name="LowLimit" number="11004" type="PRICE"/>
        <field name="BidPrice" number="11005" type="PRICE"/>
        <field name="AskPrice" number="11006" type="PRICE"/>
        <field name="OpenQty" number="11007" type="QTY"/>
        <field name="AdjClose" number="11008" type="PRICE"/>
        <field name="CreatedNS" number="9999" type="INT"/>
        <field name="DeltaQty" number="9001" type="QTY"/>
        <field name="DeltaPx" number="9002" type="PRICE"/>
        <field name="OrdLinkID" number="11053" type="STRING" />
        <field name="OrdLinkType" number="11052" type="STRING">
            <value description="STOP_ORDER" enum="1"/>
            <value description="CROSSSBLOCK" enum="10"/>
            <value description="WAVE_ID" enum="11"/>
            <value description="PNOTE_ORDER" enum="12"/>
            <value description="SWAP_ORDER" enum="13"/>
            <value description="ETF_UNDERLYER" enum="14"/>
            <value description="SPLIT_ORDER" enum="15"/>
            <value description="SWING_CUST_ORDER" enum="16"/>
            <value description="EIC_HEDGEORDER" enum="17"/>
            <value description="GROUP_ORDER" enum="18"/>
            <value description="LEPO_ORDER" enum="19"/>
            <value description="STOP_EXECID" enum="2"/>
            <value description="CRB_HEDGEORDER" enum="20"/>
            <value description="ORD_ADR" enum="21"/>
            <value description="MANNING_IOC" enum="22"/>
            <value description="FACILITATION_ORDER" enum="23"/>
            <value description="PRIN_FIRM_ORDER" enum="24"/>
            <value description="QUICKTICKET_ORDER" enum="25"/>
            <value description="CROSSLATE" enum="26"/>
            <value description="TOBS_REP_ORDER" enum="27"/>
            <value description="HYBD_SPLIT_ALLOC_ORDER" enum="28"/>
            <value description="STOP_ZEXECID" enum="3"/>
            <value description="STOP_MANUALCROSS" enum="4"/>
            <value description="BASKET_ID" enum="5"/>
            <value description="CROSSAON" enum="6"/>
            <value description="CROSSIOC" enum="7"/>
            <value description="CROSSONESIDE" enum="8"/>
            <value description="CROSSSAMEPRICE" enum="9"/>
            <value description="ALL_OR_NONE_BASKET_ID" enum="BSKT_AON"/>
            <value description="BID_WANTED_IN_COMPETITION_BASKET_ID" enum="BWIC"/>
            <value description="GTC_ORDER" enum="GTC"/>
            <value description="HEDGEORDER" enum="HEDGEORDER"/>
            <value description="ML_CROSS" enum="MLC"/>
            <value description="MULTILEG_ID" enum="MLEG"/>
            <value description="MULTILEGSUMMARY" enum="ML_SUMM"/>
            <value description="NAV_RISK" enum="NAV_RISK"/>
            <value description="OUTRIGHT_CONV_HEDGE" enum="OUTRIGHT_CONV_HEDGE"/>
        </field>

        <field name="RioBeginString" number="10438" type="STRING"/>
        <field name="OrderUniqID" number="10439" type="STRING"/>
        <field name="RioMinorVersion" number="10653" type="STRING"/>
        <field name="RioMsgSeq" number="10655" type="INT"/>
        <field name="ReplayInd" number="10657" type="CHAR"/>
        <field name="RioMsgSeqSrc" number="10658" type="STRING"/>

        <field name="SrcSystemID" number="10005" type="INT"/>
        <field name="XParentOrderID" number="10243" type="STRING"/>
        <field name="ParentOrderUniqID" number="10517" type="STRING"/>
        <field name="PreviousLinkOrderID" number="10184" type="STRING"/>
        <field name="PreviousLinkSrcSystemID" number="10518" type="INT"/>
        <field name="PreviousLinkOrderUniqID" number="10519" type="STRING"/>
        <field name="RootOrderID" number="11210" type="STRING"/>
        <field name="RootSrcSystemID" number="10515" type="INT"/>
        <field name="RootOrderUniqID" number="10516" type="STRING"/>

        <field name="ExDestinationIDSource" number="1133" type="CHAR"/>
        <field name="TradingAcct" number="10050" type="STRING"/>
        <field name="RioTimestamp" number="10071" type="UTCTIMESTAMP"/>
        <field name="IsRioStateEvent" number="10104" type="CHAR"/>
        <field name="OrderFlowCategory" number="10202" type="STRING"/>
        <field name="RioMsgSource" number="10208" type="STRING"/>
        <field name="LeafExecFlag" number="10217" type="CHAR"/>
        <field name="RioTransactTime" number="10436" type="UTCTIMESTAMP"/>
        <field name="OrderVersion" number="12052" type="INT"/>
        <field name="OrderPlacer" number="10895" type="STRING"/>
        <field name="LafExecID" number="10964" type="STRING"/>
        <field name="LeafSrcSystemID" number="10965" type="INT"/>

        <field name="ChannelName" number="10053" type="STRING"/>

        <field name="TrdType" number="828" type="INT"/>
        <field name="SalesPersonID" number="10036" type="STRING"/>
        <field name="TraderID" number="10039" type="STRING"/>
        <field name="XLastActivityUserID" number="10241" type="STRING"/>

        <field number="10084" name="SrcTargetCompId" type="STRING"/>
        <field number="10014" name="TimeToLive" type="UTCTIMESTAMP"/>
        <field number="10018" name="ZExecID" type="STRING"/>
        <field number="10031" name="LegalEntity" type="STRING"/>
        <field number="10039" name="TraderID" type="STRING"/>
        <field number="10051" name="AvgPriceAcct" type="STRING"/>
        <field number="10054" name="FirmId" type="STRING"/>
        <field number="10065" name="SumOfStopExecQty" type="QTY"/>
        <field number="10080" name="ReceiveTime" type="UTCTIMESTAMP"/>
        <field number="10148" name="AutoUIURefType" type="STRING"/>
        <field number="10158" name="ContraOrderCapacity" type="CHAR"/>
        <field number="10201" name="OrderFlowClass" type="STRING"/>
        <field number="10204" name="OrderFlowCategory" type="STRING"/>
        <field name="LeafExecutionFlag" number="10217" type="BOOLEAN"/>
        <field number="10270" name="Tier" type="INT"/>
        <field number="10514" name="ContraAccount" type="STRING"/>
        <field number="10533" name="NoTempContraBrokers" type="NUMINGROUP"/>
        <field number="10534" name="TempContraBroker" type="STRING"/>
        <field number="10535" name="TempContraBrokerSrc" type="STRING"/>
        <field name="TempLastMkt" number="10537" type="STRING"/>
        <field number="10565" name="OptOutLockedIn" type="STRING"/>
        <field number="10896" name="CrossRestrictionClientID" type="STRING"/>
        <field number="10965" name="LeafSrcSytemId" type="STRING"/>
        <field number="11027" name="IsCurrExecLevel" type="CHAR"/>
        <field number="11037" name="ActReport" type="STRING">
            <value description="RPTINDF" enum="F"/>
            <value description="RPTINDM" enum="M"/>
            <value description="PARTYSENDINGWILLRPT" enum="N"/>
            <value description="RPTINDO" enum="O"/>
            <value description="RPTINDW" enum="W"/>
            <value description="PARTYMUSTRPT" enum="Y"/>
        </field>
        <field number="11040" name="ContraAccountSrc" type="STRING"/>
        <field number="11041" name="ContraAccountType" type="STRING"/>
        <field number="11048" name="QuoteTime" type="UTCTIMESTAMP"/>
        <field number="10201" name="OrderFlowEntry" type="STRING"/>
        <field number="10721" name="LULDLowerPriceBand" type="PRICE"/>
        <field number="10722" name="LULDUpperPriceBand" type="PRICE"/>
        <field number="10723" name="LULDPriceBandTimestamp" type="UTCTIMESTAMP"/>
        <field number="10727" name="OrderReleaseTime" type="STRING"/>
        <field number="12052" name="OrderVersion" type="INT"/>
        <field number="10428" name="AvgPriceAcctIDSource" type="STRING"/>
        <field number="11319" name="TickSizePilotGroup" type="STRING"/>
        <field number="11328" name="SourceFeed" type="STRING"/>
        <field number="10005" name="SrcSystemID" type="INT"/>
        <field number="10202" name="OrderFlowCategory" type="STRING"/>
        <field number="10021" name="ExecutedBy" type="STRING"/>
        <field number="10537" name="TempLastMkt" type="STRING"/>
        <field number="10965" name="LeafSrcSystemID" type="INT"/>
        <field number="9717" name="CorellationClOrdID" type="STRING"/>
        <field number="10184" name="PreviousLinkOrderID" type="MULTIPLEVALUESTRING"/>
        <field number="11210" name="RootOrderID" type="STRING"/>
    </fields>
</fix>
