<?xml version="1.0" encoding="UTF-8"?>
<project xmlns="http://maven.apache.org/POM/4.0.0" xmlns:xsi="http://www.w3.org/2001/XMLSchema-instance" xsi:schemaLocation="http://maven.apache.org/POM/4.0.0 http://maven.apache.org/maven-v4_0_0.xsd">
  <parent>
    <artifactId>cioidark-base</artifactId>
    <groupId>com.citi.icg.cioidark</groupId>
    <version>1.0-SNAPSHOT</version>
    <relativePath>../cioidark-base/pom.xml</relativePath>
  </parent>
  <modelVersion>4.0.0</modelVersion>
  <artifactId>cioidark-util</artifactId>
  <name>cioidark-util</name>
  <version>1.0-SNAPSHOT</version>
  <description>cioidark-util</description>
  <dependencies>
    <dependency>
      <groupId>org.openjdk.jmh</groupId>
      <artifactId>jmh-generator-annprocess</artifactId>
      <version>1.11</version>
      <scope>provided</scope>
    </dependency>
    <dependency>
      <groupId>org.sonarsource.java</groupId>
      <artifactId>sonar-jacoco-listeners</artifactId>
      <version>3.8</version>
      <scope>test</scope>
    </dependency>
    <dependency>
      <groupId>org.hamcrest</groupId>
      <artifactId>hamcrest-core</artifactId>
      <version>1.3</version>
      <scope>test</scope>
    </dependency>
    <dependency>
      <groupId>org.powermock</groupId>
      <artifactId>powermock-module-junit4</artifactId>
      <version>1.7.1</version>
      <scope>test</scope>
      <exclusions>
        <exclusion>
          <artifactId>powermock-module-junit4-common</artifactId>
          <groupId>org.powermock</groupId>
        </exclusion>
      </exclusions>
    </dependency>
    <dependency>
      <groupId>org.powermock</groupId>
      <artifactId>powermock-api-mockito2</artifactId>
      <version>1.7.1</version>
      <scope>test</scope>
      <exclusions>
        <exclusion>
          <artifactId>objenesis</artifactId>
          <groupId>org.objenesis</groupId>
        </exclusion>
        <exclusion>
          <artifactId>powermock-api-mockito-common</artifactId>
          <groupId>org.powermock</groupId>
        </exclusion>
        <exclusion>
          <artifactId>mockito-core</artifactId>
          <groupId>org.mockito</groupId>
        </exclusion>
      </exclusions>
    </dependency>
    <dependency>
      <groupId>org.powermock</groupId>
      <artifactId>powermock-core</artifactId>
      <version>1.7.1</version>
      <scope>test</scope>
      <exclusions>
        <exclusion>
          <artifactId>powermock-reflect</artifactId>
          <groupId>org.powermock</groupId>
        </exclusion>
        <exclusion>
          <artifactId>javassist</artifactId>
          <groupId>org.javassist</groupId>
        </exclusion>
        <exclusion>
          <artifactId>mockito-core</artifactId>
          <groupId>org.mockito</groupId>
        </exclusion>
      </exclusions>
    </dependency>
  </dependencies>
</project>

